{
  "users_thank_your_forum_post_in_the_thread_title": "{users} thanked your forum post in the thread \"{title}\"",
  "Recent Discussions Limit": "",
  "Define the limit of how many discussions can be displayed when viewing the forum section. Set 0 will hide this block.": "",
  "Recent Posts Limit": "",
  "Define the limit of how many posts can be displayed when viewing the forum section. Set 0 will hide this block.": "",
  "forum_not_found": "Forum not found",
  "delete_forum": "Detele Forum",
  "are_you_sure_you_want_to_delete_this_forum": "Are you sure you want to delete this forum?",
  "remove_all_threads_and_sub_forums_belonging_to_this_forum": "Remove all threads and sub forums belonging to this forum",
  "select_another_forums_to_move_all_threads_and_sub_forums_belonging_to_this_forum": "Select another forums to move all threads and sub forums belonging to this forum",
  "select_an_action_to_apply_for_all_threads_as_well_as_sub_forums_belonging_to_this_forum": "Select an action to apply for all threads as well as sub forums belonging to this forum",
  "forum_successfully_deleted": "Forum successfully deleted",
  "sponsored_threads": "Sponsored Threads",
  "forum_encourage_sponsor": "Sponsor Your Threads",
  "are_you_sure_you_want_to_delete_this_thread_permanently": "Are you sure you want to delete this thread permanently?",
  "add_thread": "Add Thread",
  "no_threads_found": "No Threads Found.",
  "no_posts_found": "No Posts Found.",
  "last_replied": "Last replied",
  "Sponsored Threads Limit": "",
  "Define the limit of how many sponsored events can be displayed when viewing the forum section. Set 0 will hide this block.": "",
  "Sponsored Threads Cache Time": "",
  "Define how long we should keep the cache for the <b>Sponsored Threads</b> by minutes. 0 means we do not cache data for this block.": "",
  "get_rss_for_this_thread": "Get RSS for this thread.",
  "add_poll": "Add poll",
  "subscribe_our_rss_feed": "Subscribe our rss feed",
  "total_replies": "Total Replies",
  "total_views": "Total Views",
  "thread_successfully_subscribe": "Thread successfully subscribe",
  "thread_successfully_unsubscribe": "Thread successfully un-subscribe",
  "purchase_thread_sponsor_completed": "Your purchase to sponsor your thread has just been made successfully.",
  "purchase_thread_sponsor_pending_approval": "Your purchase to sponsor your thread has just been made successfully however it is pending an Admins approval.",
  "seo_forum_meta_description": "Create your thread, post your opinion, discuss with other member",
  "seo_forum_meta_keywords": "forum, thread, post, reply post, thank post",
  "\"Recent Posts Limit\" must be greater than or equal to 0": "",
  "\"Recent Discussions Limit\" must be greater than or equal to 0": "",
  "\"Sponsored Threads Limit\" must be greater than or equal to 0": "",
  "view_all_previous_posts": "View All Previous Posts",
  "Forums": "",
  "post_reply": "Post reply",
  "you_have_total_pending_forum_posts": "You have {total} pending forum posts",
  "\"Active Posts\" must be greater than 0": "",
  "\"Show posts per thread at first time\" must be greater than 0": "",
  "\"Points received when adding a thread/post within the forum\" must be greater than or equal to 0": "",
  "you_have_total_pending_forum_threads": "You have {total} pending forum threads",
  "\"Total Tag Display\" must be greater than 0": "",
  "\"Time to wait before user can post a new thread\" must be greater than or equal to 0": "",
  "\"Time to wait before user can post a new reply to a thread\" must be greater than or equal to 0": "",
  "this_post_is_pending": "This post is pending",
  "this_post_is_waiting_for_approval_please_review_the_content": "This post is waiting for approval. Please review the content.",
  "post_successfully_approved": "Post successfully approved",
  "default_show": "Default show",
  "sort": "Sort",
  "sort_by": "Sort by",
  "you_do_not_have_sufficient_permission_to_delete_this_thread": "You do not have sufficient permission to delete this thread.",
  "you_do_not_have_sufficient_permission_to_delete_this_post": "You do not have sufficient permission to delete this post.",
  "your_post_in_thread_thread_name_has_been_approved": "Your post in thread \"{thread_name}\" has been approved",
  "manage_forums": "Manage Forums",
  "add_forum": "Add Forum",
  "can_start_a_new_discussion": "Can start a new discussion?",
  "threads__l": "threads"
}