{
  "sending_dot_dot_dot": "Sending...",
  "just_now": "Just now",
  "a_minute_ago": "a minute ago",
  "minutes_ago": "minutes ago",
  "a_hour_ago": "a hour ago",
  "hours_ago": "hours ago",
  "shoutbox": "Shoutbox",
  "who_can_share_messages": "Who can share messages in Shoutbox?",
  "who_can_view_shoutbox": "Who can view shoutbox?",
  "error": "Error",
  "type_something_to_chat": "Type something to chat",
  "write_your_message_here_dot_dot_dot": "Write your message here...",
  "shoutbox_app": "Shoutbox",
  "write_message":"Write message..."
}