{
  "manage_announcements": "Manage Announcements",
  "announcement_content": "Announcement Content",
  "add_announcement": "Add Announcement",
  "edit_announcement": "Edit Announcement",
  "edit_announcement_title": "Edit Announcement: {title}",
  "new_announcement_successfully_added": "New Announcement successfully added",
  "the_announcement_successfully_updated": "The Announcement successfully updated",
  "im_afraid_you_are_not_allowed_to_close_this_announcement": "I'm afraid you are not allowed to close this announcement.",
  "Announcement": "",
  "Manage Announcement": "",
  "New Announcement": "",
  "Active": "",
  "info": "Info",
  "danger": "Danger",
  "warning": "Warning",
  "success": "Success",
  "announcement_app": "Announcement",
  "maximum_is_number_characters": "Maximum is {number} characters",
  "are_you_sure_you_want_to_delete_this_announcement_permanently": "Are you sure you want to delete this announcement permanently?",
  "in_other_languages": "in other languages",
  "in__l": "in",
  "provide_a_language_name_label": "Provide a \"{language_name}\" {label}",
  "more_announcements": "More Announcements",
  "view_all_announcements": "View all announcements",
  "announcement_block_more_setting_limit_info": "More Announcements Limit",
  "announcement_block_more_setting_limit_description": "Define the limit of how many announcements can be displayed in announcement detail page.<br>0 means doesn't show this block."
}